{
  "Literature": 379.9054075173611,
  "Poetry": 33.783968472222234,
  "Theater": 1.0631310069444446,
  "Science, Craft & Essay": 79.0446371354166,
  "Undefined": 33.82124980902777,
  "Religion": 45.69290468750003,
  "Ancient": 3.8915690625
}